<?xml version="1.0" encoding="UTF-8"?>
<project-private xmlns="http://www.netbeans.org/ns/project-private/1">
    <editor-bookmarks xmlns="http://www.netbeans.org/ns/editor-bookmarks/2" lastBookmarkId="0"/>
    <open-files xmlns="http://www.netbeans.org/ns/projectui-open-files/2">
        <group>
            <file>file:/D:/NB_Workspace/rdportal/public_html/views/dashboard.html</file>
            <file>file:/D:/NB_Workspace/rdportal/public_html/views/login.html</file>
            <file>file:/D:/NB_Workspace/rdportal/public_html/js/app.js</file>
            <file>file:/D:/NB_Workspace/rdportal/public_html/views/landing.html</file>
            <file>file:/D:/NB_Workspace/rdportal/public_html/views/user.html</file>
            <file>file:/D:/NB_Workspace/rdportal/public_html/index.html</file>
            <file>file:/D:/NB_Workspace/rdportal/public_html/js/config.js</file>
            <file>file:/D:/NB_Workspace/rdportal/public_html/views/feature.html</file>
        </group>
    </open-files>
</project-private>
